[
  {
    "id": "d63d329e-946a-4662-84d8-dc288e3c7f08",
    "data": [
      {
        "text": "結構です",
        "userDefined": false
      }
    ],
    "isTemplate": false,
    "count": 0,
    "lang": "ja",
    "updated": 0
  },
  {
    "id": "344843b2-f9f7-41ce-95e4-a6758972e299",
    "data": [
      {
        "text": "いらない",
        "userDefined": false
      }
    ],
    "isTemplate": false,
    "count": 0,
    "lang": "ja",
    "updated": 0
  },
  {
    "id": "ba41c7bf-c087-4cc8-880d-e3588c4b6993",
    "data": [
      {
        "text": "同意しない",
        "userDefined": false
      }
    ],
    "isTemplate": false,
    "count": 0,
    "lang": "ja",
    "updated": 0
  },
  {
    "id": "f880d56d-b396-49a9-894c-417201c7deb0",
    "data": [
      {
        "text": "やらない",
        "userDefined": false
      }
    ],
    "isTemplate": false,
    "count": 1,
    "lang": "ja",
    "updated": 0
  },
  {
    "id": "a831086e-ddc8-4192-ad1a-1b0a8f66060f",
    "data": [
      {
        "text": "いいえ",
        "userDefined": false
      }
    ],
    "isTemplate": false,
    "count": 0,
    "lang": "ja",
    "updated": 0
  },
  {
    "id": "10493d1e-a088-4c27-bd9e-ac62c0a57b11",
    "data": [
      {
        "text": "やだ",
        "userDefined": false
      }
    ],
    "isTemplate": false,
    "count": 1,
    "lang": "ja",
    "updated": 0
  },
  {
    "id": "cf914a05-ef88-41a3-b0d4-501a4ed2aa65",
    "data": [
      {
        "text": "興味ない",
        "userDefined": false
      }
    ],
    "isTemplate": false,
    "count": 0,
    "lang": "ja",
    "updated": 0
  },
  {
    "id": "6af3dadd-bd10-43de-a5b6-fc9508da7c73",
    "data": [
      {
        "text": "やりたくない",
        "userDefined": false
      }
    ],
    "isTemplate": false,
    "count": 0,
    "lang": "ja",
    "updated": 0
  },
  {
    "id": "9ea0f7cd-ae57-4dce-b01b-d4e47916431c",
    "data": [
      {
        "text": "しないで",
        "userDefined": false
      }
    ],
    "isTemplate": false,
    "count": 1,
    "lang": "ja",
    "updated": 0
  },
  {
    "id": "6d07971f-508f-48c6-b4ce-de44438a7bb5",
    "data": [
      {
        "text": "やめとく",
        "userDefined": false
      }
    ],
    "isTemplate": false,
    "count": 0,
    "lang": "ja",
    "updated": 0
  }
]