[
  {
    "id": "149c08fc-b530-4349-b2b2-9e069a9428ac",
    "data": [
      {
        "text": "kein Interesse",
        "userDefined": false
      }
    ],
    "isTemplate": false,
    "count": 1,
    "lang": "de",
    "updated": 0
  },
  {
    "id": "b01af699-738f-4a12-a3cb-487db7901b57",
    "data": [
      {
        "text": "eigentlich nicht",
        "userDefined": false
      }
    ],
    "isTemplate": false,
    "count": 0,
    "lang": "de",
    "updated": 0
  },
  {
    "id": "0e8e662e-9224-42f3-93a7-5de0416eaa01",
    "data": [
      {
        "text": "mach das nicht",
        "userDefined": false
      }
    ],
    "isTemplate": false,
    "count": 0,
    "lang": "de",
    "updated": 0
  },
  {
    "id": "4d49cc61-6140-4735-b35e-fd86d4779fce",
    "data": [
      {
        "text": "auf keinen Fall",
        "userDefined": false
      }
    ],
    "isTemplate": false,
    "count": 1,
    "lang": "de",
    "updated": 0
  },
  {
    "id": "3866ad0e-b4ec-48b9-a34f-4f79442ab772",
    "data": [
      {
        "text": "ich denke nicht",
        "userDefined": false
      }
    ],
    "isTemplate": false,
    "count": 0,
    "lang": "de",
    "updated": 0
  },
  {
    "id": "d41543a0-0be4-49be-b7d1-e24139b94cfd",
    "data": [
      {
        "text": "nein",
        "userDefined": false
      }
    ],
    "isTemplate": false,
    "count": 4,
    "lang": "de",
    "updated": 0
  },
  {
    "id": "720e48c3-aaf4-4487-a8a3-e7e28732e1bd",
    "data": [
      {
        "text": "ich bin nicht einverstanden",
        "userDefined": false
      }
    ],
    "isTemplate": false,
    "count": 1,
    "lang": "de",
    "updated": 0
  },
  {
    "id": "0b2a2a2c-4f9a-47b6-b58b-6f52054e0e16",
    "data": [
      {
        "text": "das möchte ich nicht",
        "userDefined": false
      }
    ],
    "isTemplate": false,
    "count": 1,
    "lang": "de",
    "updated": 0
  },
  {
    "id": "767be94b-98d3-4fb9-997c-7072eb3440d8",
    "data": [
      {
        "text": "nein danke",
        "userDefined": false
      }
    ],
    "isTemplate": false,
    "count": 1,
    "lang": "de",
    "updated": 0
  }
]