[
  {
    "id": "b9f05b9b-3266-4683-911c-5bcc34d73a3e",
    "data": [
      {
        "text": "結構です",
        "userDefined": false
      }
    ],
    "isTemplate": false,
    "count": 0,
    "lang": "ja",
    "updated": 0
  },
  {
    "id": "900756bb-3694-402c-97bb-8097ee4fddd7",
    "data": [
      {
        "text": "いらない",
        "userDefined": false
      }
    ],
    "isTemplate": false,
    "count": 0,
    "lang": "ja",
    "updated": 0
  },
  {
    "id": "9dc54bda-acc4-4812-a28b-47a56962fb15",
    "data": [
      {
        "text": "同意しない",
        "userDefined": false
      }
    ],
    "isTemplate": false,
    "count": 0,
    "lang": "ja",
    "updated": 0
  },
  {
    "id": "6ac25b98-0dec-4c76-934b-6ff82f3ed6de",
    "data": [
      {
        "text": "やらない",
        "userDefined": false
      }
    ],
    "isTemplate": false,
    "count": 1,
    "lang": "ja",
    "updated": 0
  },
  {
    "id": "25f4e986-2107-42e0-9a2e-e1a6b468b1ac",
    "data": [
      {
        "text": "いいえ",
        "userDefined": false
      }
    ],
    "isTemplate": false,
    "count": 0,
    "lang": "ja",
    "updated": 0
  },
  {
    "id": "2e8137c5-d919-4423-8bc8-7ffc8bd4f097",
    "data": [
      {
        "text": "やだ",
        "userDefined": false
      }
    ],
    "isTemplate": false,
    "count": 1,
    "lang": "ja",
    "updated": 0
  },
  {
    "id": "a3834d37-45cd-4f8c-831e-eab78190688f",
    "data": [
      {
        "text": "興味ない",
        "userDefined": false
      }
    ],
    "isTemplate": false,
    "count": 0,
    "lang": "ja",
    "updated": 0
  },
  {
    "id": "b3642ba6-f484-44a9-bb4c-9346e1d434ad",
    "data": [
      {
        "text": "やりたくない",
        "userDefined": false
      }
    ],
    "isTemplate": false,
    "count": 0,
    "lang": "ja",
    "updated": 0
  },
  {
    "id": "03b93a5e-60bf-4621-8161-beff7adf0032",
    "data": [
      {
        "text": "しないで",
        "userDefined": false
      }
    ],
    "isTemplate": false,
    "count": 1,
    "lang": "ja",
    "updated": 0
  },
  {
    "id": "96cca8ca-5b22-4e7a-9751-dc6061c97195",
    "data": [
      {
        "text": "やめとく",
        "userDefined": false
      }
    ],
    "isTemplate": false,
    "count": 0,
    "lang": "ja",
    "updated": 0
  }
]