[
  {
    "id": "e70520c1-419e-45d0-addc-519e826539ce",
    "data": [
      {
        "text": "kein Interesse",
        "userDefined": false
      }
    ],
    "isTemplate": false,
    "count": 1,
    "lang": "de",
    "updated": 0
  },
  {
    "id": "be0ee878-27cd-420e-8af7-f95cb0b71da9",
    "data": [
      {
        "text": "eigentlich nicht",
        "userDefined": false
      }
    ],
    "isTemplate": false,
    "count": 0,
    "lang": "de",
    "updated": 0
  },
  {
    "id": "28bf9d60-a3e2-4137-87a0-19da813e2f28",
    "data": [
      {
        "text": "mach das nicht",
        "userDefined": false
      }
    ],
    "isTemplate": false,
    "count": 0,
    "lang": "de",
    "updated": 0
  },
  {
    "id": "30104292-a53b-4068-b253-92528e784a62",
    "data": [
      {
        "text": "auf keinen Fall",
        "userDefined": false
      }
    ],
    "isTemplate": false,
    "count": 1,
    "lang": "de",
    "updated": 0
  },
  {
    "id": "1380d754-dde0-4c21-9384-9327db5a6a2f",
    "data": [
      {
        "text": "ich denke nicht",
        "userDefined": false
      }
    ],
    "isTemplate": false,
    "count": 0,
    "lang": "de",
    "updated": 0
  },
  {
    "id": "f557804a-2243-4351-aaec-b111e1ceb4ab",
    "data": [
      {
        "text": "nein",
        "userDefined": false
      }
    ],
    "isTemplate": false,
    "count": 4,
    "lang": "de",
    "updated": 0
  },
  {
    "id": "a3541f1f-ba8c-4507-92fa-ad72dfda4ecb",
    "data": [
      {
        "text": "ich bin nicht einverstanden",
        "userDefined": false
      }
    ],
    "isTemplate": false,
    "count": 1,
    "lang": "de",
    "updated": 0
  },
  {
    "id": "12a4f083-ac93-4721-b0b3-8b3a13f06341",
    "data": [
      {
        "text": "das möchte ich nicht",
        "userDefined": false
      }
    ],
    "isTemplate": false,
    "count": 1,
    "lang": "de",
    "updated": 0
  },
  {
    "id": "168be1c1-249b-444c-a3ed-777a748bc981",
    "data": [
      {
        "text": "nein danke",
        "userDefined": false
      }
    ],
    "isTemplate": false,
    "count": 1,
    "lang": "de",
    "updated": 0
  }
]