[
  {
    "id": "f375ba24-bf78-4574-a10a-805166f54851",
    "data": [
      {
        "text": "そのとおり",
        "userDefined": false
      }
    ],
    "isTemplate": false,
    "count": 1,
    "lang": "ja",
    "updated": 0
  },
  {
    "id": "bd5884a8-1374-4ffd-b391-4d3b7294a0ff",
    "data": [
      {
        "text": "やって",
        "userDefined": false
      }
    ],
    "isTemplate": false,
    "count": 2,
    "lang": "ja",
    "updated": 0
  },
  {
    "id": "9de251f4-e58c-4e8b-bbd6-ef74918de1ad",
    "data": [
      {
        "text": "賛成です",
        "userDefined": false
      }
    ],
    "isTemplate": false,
    "count": 0,
    "lang": "ja",
    "updated": 0
  },
  {
    "id": "b8263a2b-b3dd-4206-b58d-8294ec7e1956",
    "data": [
      {
        "text": "はい",
        "userDefined": false
      }
    ],
    "isTemplate": false,
    "count": 2,
    "lang": "ja",
    "updated": 0
  },
  {
    "id": "48ba1810-288f-48ce-a78e-0c4c524597b1",
    "data": [
      {
        "text": "同意します",
        "userDefined": false
      }
    ],
    "isTemplate": false,
    "count": 3,
    "lang": "ja",
    "updated": 0
  },
  {
    "id": "6e537be1-1c7f-4706-bb3c-f48f9653e663",
    "data": [
      {
        "text": "そうだね",
        "userDefined": false
      }
    ],
    "isTemplate": false,
    "count": 1,
    "lang": "ja",
    "updated": 0
  },
  {
    "id": "6a1f2fe4-3ad4-4915-89e3-a0215185bd4d",
    "data": [
      {
        "text": "そうしよう",
        "userDefined": false
      }
    ],
    "isTemplate": false,
    "count": 1,
    "lang": "ja",
    "updated": 0
  },
  {
    "id": "eeac9532-e85a-421a-92c2-e86ec83df133",
    "data": [
      {
        "text": "いいよ",
        "userDefined": false
      }
    ],
    "isTemplate": false,
    "count": 1,
    "lang": "ja",
    "updated": 0
  },
  {
    "id": "aec0ca1f-fae8-4fe4-bb9f-a84f30e2fe02",
    "data": [
      {
        "text": "もちろん",
        "userDefined": false
      }
    ],
    "isTemplate": false,
    "count": 1,
    "lang": "ja",
    "updated": 0
  },
  {
    "id": "5264090d-dba6-479b-8161-df69050344c8",
    "data": [
      {
        "text": "そうする",
        "userDefined": false
      }
    ],
    "isTemplate": false,
    "count": 0,
    "lang": "ja",
    "updated": 0
  }
]