[
  {
    "id": "72f7d91f-1a5d-4365-8284-d5217b052fa6",
    "data": [
      {
        "text": "そのとおり",
        "userDefined": false
      }
    ],
    "isTemplate": false,
    "count": 1,
    "lang": "ja",
    "updated": 0
  },
  {
    "id": "48c2c7d2-1eb3-4c80-b90c-98f447c66155",
    "data": [
      {
        "text": "やって",
        "userDefined": false
      }
    ],
    "isTemplate": false,
    "count": 2,
    "lang": "ja",
    "updated": 0
  },
  {
    "id": "c0ff934e-9607-41a9-9ae2-cd75ce6a7fe5",
    "data": [
      {
        "text": "賛成です",
        "userDefined": false
      }
    ],
    "isTemplate": false,
    "count": 0,
    "lang": "ja",
    "updated": 0
  },
  {
    "id": "cc04c07b-efb3-4880-9e35-f2f6b05f528a",
    "data": [
      {
        "text": "はい",
        "userDefined": false
      }
    ],
    "isTemplate": false,
    "count": 2,
    "lang": "ja",
    "updated": 0
  },
  {
    "id": "8756b484-27ac-49e1-a480-1a6a388263cd",
    "data": [
      {
        "text": "同意します",
        "userDefined": false
      }
    ],
    "isTemplate": false,
    "count": 3,
    "lang": "ja",
    "updated": 0
  },
  {
    "id": "6170ea9f-49f5-475a-8830-1cbc68ee60a8",
    "data": [
      {
        "text": "そうだね",
        "userDefined": false
      }
    ],
    "isTemplate": false,
    "count": 1,
    "lang": "ja",
    "updated": 0
  },
  {
    "id": "5bf4dd2a-b132-430b-9584-6ad8cbc12fbd",
    "data": [
      {
        "text": "そうしよう",
        "userDefined": false
      }
    ],
    "isTemplate": false,
    "count": 1,
    "lang": "ja",
    "updated": 0
  },
  {
    "id": "880d1188-8b92-499b-829e-f027f9ec9c4d",
    "data": [
      {
        "text": "いいよ",
        "userDefined": false
      }
    ],
    "isTemplate": false,
    "count": 1,
    "lang": "ja",
    "updated": 0
  },
  {
    "id": "a7f499b8-5d91-4556-a6a3-f4d2dea4cfdd",
    "data": [
      {
        "text": "もちろん",
        "userDefined": false
      }
    ],
    "isTemplate": false,
    "count": 1,
    "lang": "ja",
    "updated": 0
  },
  {
    "id": "5621617e-6740-45b8-b683-757a4e636508",
    "data": [
      {
        "text": "そうする",
        "userDefined": false
      }
    ],
    "isTemplate": false,
    "count": 0,
    "lang": "ja",
    "updated": 0
  }
]