[
  {
    "id": "0dfe1d65-28ad-46bd-924b-51fc141fa586",
    "data": [
      {
        "text": "1",
        "meta": "@rate",
        "alias": "rate",
        "userDefined": false
      }
    ],
    "isTemplate": false,
    "count": 0,
    "lang": "en",
    "updated": 0
  },
  {
    "id": "1cd061ee-a3de-4eac-947f-23220f324ff7",
    "data": [
      {
        "text": "2",
        "meta": "@rate",
        "alias": "rate",
        "userDefined": false
      }
    ],
    "isTemplate": false,
    "count": 0,
    "lang": "en",
    "updated": 0
  },
  {
    "id": "07ba5609-f0cc-4601-b2e1-fe5fde0af6f4",
    "data": [
      {
        "text": "3",
        "meta": "@rate",
        "alias": "rate",
        "userDefined": false
      }
    ],
    "isTemplate": false,
    "count": 0,
    "lang": "en",
    "updated": 0
  },
  {
    "id": "21b99159-89e9-4d7d-9702-f0f5ee038849",
    "data": [
      {
        "text": "4",
        "meta": "@rate",
        "alias": "rate",
        "userDefined": false
      }
    ],
    "isTemplate": false,
    "count": 0,
    "lang": "en",
    "updated": 0
  },
  {
    "id": "1a8280a3-22dc-45f9-a90a-6d5236ba5566",
    "data": [
      {
        "text": "5",
        "meta": "@rate",
        "alias": "rate",
        "userDefined": false
      }
    ],
    "isTemplate": false,
    "count": 0,
    "lang": "en",
    "updated": 0
  }
]