[
  {
    "id": "7810168d-95da-4ca4-8732-1c65d44b6429",
    "data": [
      {
        "text": "結構です",
        "userDefined": false
      }
    ],
    "isTemplate": false,
    "count": 0,
    "lang": "ja",
    "updated": 0
  },
  {
    "id": "722839d1-7695-4043-ac22-c0f7983ba6b6",
    "data": [
      {
        "text": "いらない",
        "userDefined": false
      }
    ],
    "isTemplate": false,
    "count": 0,
    "lang": "ja",
    "updated": 0
  },
  {
    "id": "2a8512a7-158a-4ab8-9c99-78664243f833",
    "data": [
      {
        "text": "同意しない",
        "userDefined": false
      }
    ],
    "isTemplate": false,
    "count": 0,
    "lang": "ja",
    "updated": 0
  },
  {
    "id": "1da8ba17-4875-4119-95c7-bece2f3fbf73",
    "data": [
      {
        "text": "やらない",
        "userDefined": false
      }
    ],
    "isTemplate": false,
    "count": 1,
    "lang": "ja",
    "updated": 0
  },
  {
    "id": "dd8a278f-52d0-4dcf-9529-31db825fb8bc",
    "data": [
      {
        "text": "いいえ",
        "userDefined": false
      }
    ],
    "isTemplate": false,
    "count": 0,
    "lang": "ja",
    "updated": 0
  },
  {
    "id": "ac4516a8-b1ea-4d0a-8296-d796081f9371",
    "data": [
      {
        "text": "やだ",
        "userDefined": false
      }
    ],
    "isTemplate": false,
    "count": 1,
    "lang": "ja",
    "updated": 0
  },
  {
    "id": "c0a96071-8567-4cfb-b2cc-99372a109e04",
    "data": [
      {
        "text": "興味ない",
        "userDefined": false
      }
    ],
    "isTemplate": false,
    "count": 0,
    "lang": "ja",
    "updated": 0
  },
  {
    "id": "090201dd-5654-4876-bb36-a386f31db19e",
    "data": [
      {
        "text": "やりたくない",
        "userDefined": false
      }
    ],
    "isTemplate": false,
    "count": 0,
    "lang": "ja",
    "updated": 0
  },
  {
    "id": "cacb66b8-baca-4af1-8d6b-b952800bae76",
    "data": [
      {
        "text": "しないで",
        "userDefined": false
      }
    ],
    "isTemplate": false,
    "count": 1,
    "lang": "ja",
    "updated": 0
  },
  {
    "id": "8bb621c7-b2d6-4a77-b19b-6ca33453e1e3",
    "data": [
      {
        "text": "やめとく",
        "userDefined": false
      }
    ],
    "isTemplate": false,
    "count": 0,
    "lang": "ja",
    "updated": 0
  }
]